name,lat,lon,aliases
Velachery 100 ft road,12.9785,80.2180,velachery 100 ft road;velachery;100 feet road;vijayanagar;baby nagar;tansi nagar
Tambaram West,12.9249,80.1000,tambaram west;mudichur road near kannadapalayam;kannadapalayam;west tambaram;tambaram west mudichur road
Mudichur,12.9126,80.0632,mudichur varadharajapuram;bhuvaneshwari nagar;krishna nagar;varadharajapuram;mudichur
Global Hospital Backside,12.9072,80.2045,global hospital backside;global hospital;cheran nagar;perumbakkam global hospital;gleneagles
Perumbakkam,12.9056,80.2038,perumbakkam;slum board;perumbakkam main road;perumbakkam junction
Madipakkam,12.9647,80.1961,madipakkam;kuberan nagar;ram nagar;balaiah nagar;puzhuthivakkam
Saidapet,13.0213,80.2231,saidapet;maraimalai adigal bridge;west jones road;karaneeswarar
Tambaram Sanatorium,12.9352,80.1242,tambaram sanatorium;mepz;chitlapakkam
Pallikaranai,12.9349,80.2137,pallikaranai;marshland;oil mill stop;kamakoti nagar
Adyar,13.0012,80.2565,adyar;gandhi nagar;malarthum nagar;adyar gate
Kotturpuram,13.0175,80.2405,kotturpuram;chitra nagar;river view road;anna centenary
Manapakkam,13.0234,80.1802,manapakkam;river rock;miot hospital;dlf cybercity;dlf it park;dlf manapakkam
Sholinganallur,12.9010,80.2279,sholinganallur;omr;elcot;classic farms
Thoraipakkam,12.9416,80.2362,thoraipakkam;omr;chandrasekhar avenue;radial road
Kumaran Nagar Kolathur,13.1263,80.2278,kumaran nagar;kumaran nagar kolathur;retteri kumaran nagar;retteri junction kumaran nagar;kolathur retteri junction kumaran nagar
Kolathur,13.1232,80.2155,kolathur;retteri;periyar nagar
Vyasarpadi,13.1118,80.2605,vyasarpadi;mullai nagar;kalyanapuram;jeeva station
Ambattur,13.1143,80.1548,ambattur;ot;ambattur estate;menambedu;varadarajapuram ambattur
Korattur,13.1091,80.1834,korattur;north avenue;central avenue
Porur,13.0382,80.1565,porur;kundrathur road;sakthi nagar
Ramapuram,13.0315,80.1818,ramapuram;srm ramapuram;rayala nagar;l&t
Guindy,13.0067,80.2025,guindy;race course;kathipara;guindy industrial estate
T Nagar,13.0418,80.2341,t nagar;thyagaraya nagar;panagal park;gn chetty road;bazullah road
Mylapore,13.0368,80.2676,mylapore;kapaleeswarar;luz;mandaveli
Triplicane,13.0587,80.2757,triplicane;chepauk;pycrofts road;ice house
Royapettah,13.0536,80.2600,royapettah;clock tower;balaji nagar;wesley
Choolaimedu,13.0645,80.2238,choolaimedu;nelson manickam road;gill nagar
Anna Nagar,13.0850,80.2101,anna nagar;roundtana;tower park;shanthi colony
Kilpauk,13.0827,80.2407,kilpauk;ormes road;taylors road;kelly
Perambur,13.1075,80.2434,perambur;loco works;bb road;perambur barrage
Otteri,13.0934,80.2520,otteri;cooks road;otteri nalla;stephenson road
Villivakkam,13.1066,80.2059,villivakkam;nadhamuni;singaram street
Pammal,12.9698,80.1287,pammal;pozichalur;nagalkeni
Chromepet,12.9516,80.1401,chromepet;radha nagar;hasthinapuram;clc works road
Semmancheri,12.8653,80.2227,semmancheri;tsunami quarters;dlf garden city;semmanchery
Navalur,12.8465,80.2268,navalur;vivira mall;siruseri
Medavakkam,12.9193,80.1906,medavakkam;vadakkupattu;koot road
Nanmangalam,12.9328,80.1784,nanmangalam;kovilambakkam;sunnambu kolathur
Mogappair,13.0837,80.1751,mogappair;east mogappair;west mogappair;golden flats
Koyambedu,13.0694,80.1948,koyambedu;cmbt;market;rohinis
Thiruvottiyur,13.1610,80.3013,thiruvottiyur;theradi;wimco nagar;ennore
Poonamallee,13.0494,80.0963,poonamallee;kumananchavadi;trunk road
